{"episode_reward": [1854.3301824644211, 837.9859951317562, 790.414608185565, 830.7242644669321, 847.6314815896993, 833.5846346825383, 832.5456841615576, 843.2957095216416, 804.8429710403161, 848.601080796048, 844.3550241199558, 811.0690558881348, 834.0388261289432, 816.0811201808635, 821.2786973738483, 834.2096712112294, 810.4045582445649, 851.7806917614125, 839.3411203246502, 838.8182912332024, 827.7741317520364, 829.4833588530466, 833.1589400173509, 842.64209841637, 836.0244932409937, 1119.4754978681533, 841.211959089534, 1155.7029805235186, 844.9613803492933, 863.7834162176176, 843.0631722490057, 828.5448429317635, 824.537308525102, 814.1405493224241, 1079.3418505558807, 834.2455994519861, 930.9035252009405, 883.2569998845448, 880.4492953349594, 809.2379580653154, 793.4644915090955, 860.224850832704, 1058.0922778605702, 792.0381819728459, 848.9549728326933, 78.38552827874682, 816.6956014964101, 915.1825122161376, 785.8388717734249, 998.7793836741714, 1028.5470754388773, 806.7306857553943, 836.3251781545049, 803.1625426636596, 788.5961130733709, 2090.429085738524, 1844.495284883467, 796.6640800149808, 834.0948952118742, 818.2034470399428, 1691.4144467102797, 1723.2077672458959, 1388.920780154314, 828.7669675064885, 1307.3513562038968, 1615.6066529693971, 1677.2785690482742, 941.1518273524578, 1056.3685619380003, 1222.900615143554, 473.2289928889604, 1914.0936845080428, 933.3155437817095, 1691.6364171635562, 835.2633620267102, 836.7110082974629], "nb_steps": [283, 350, 425, 491, 559, 627, 694, 760, 858, 927, 1000, 1071, 1144, 1228, 1298, 1409, 1481, 1550, 1622, 1689, 1760, 1831, 1903, 1972, 2044, 2239, 2306, 2441, 2511, 2580, 2654, 2724, 2812, 2885, 3047, 3149, 3264, 3357, 3448, 3522, 3592, 3682, 3838, 3909, 3999, 4082, 4175, 4271, 4364, 4476, 4608, 4704, 4794, 4896, 4981, 5281, 5581, 5671, 5783, 5867, 6167, 6453, 6672, 6789, 7056, 7356, 7656, 7816, 8022, 8287, 8447, 8747, 9047, 9347, 9547, 9732], "mean_absolute_error": [6.308205454665072, 12.198436737060547, 15.873021125793457, 19.408802032470703, 22.557809829711914, 25.81576919555664, 29.52592658996582, 33.91831588745117, 37.03284454345703, 40.85747528076172, 44.94978713989258, 49.90571975708008, 52.47616958618164, 52.78321075439453, 58.44302749633789, 62.854042053222656, 67.07395935058594, 71.09825897216797, 73.39321899414062, 76.83082580566406, 79.67691040039062, 83.95382690429688, 86.59554290771484, 88.87602996826172, 91.95782470703125, 100.05270385742188, 105.41832733154297, 109.73809051513672, 113.86160278320312, 114.6828842163086, 118.85812377929688, 122.59443664550781, 124.10986328125, 126.26087951660156, 129.14366149902344, 132.3182830810547, 138.47894287109375, 141.195556640625, 143.53683471679688, 144.7227783203125, 149.54849243164062, 152.47323608398438, 153.39547729492188, 156.32545471191406, 157.9573516845703, 162.7411346435547, 163.4022979736328, 167.83563232421875, 169.3452911376953, 175.06576538085938, 175.28997802734375, 178.9133758544922, 182.2177276611328, 183.33592224121094, 184.92417907714844, 190.1470184326172, 190.94239807128906, 198.36814880371094, 197.1256561279297, 203.5896759033203, 204.5094757080078, 209.3026885986328, 211.59259033203125, 211.57000732421875, 212.22137451171875, 213.32916259765625, 216.82839965820312, 218.4512176513672, 219.6859588623047, 222.0671844482422, 221.9924774169922, 222.60800170898438, 225.68911743164062, 227.50021362304688, 229.1058349609375, 231.27365112304688], "loss": [9.49970659788917, 43.64077377319336, 72.00520324707031, 74.25362396240234, 104.70246124267578, 87.13626098632812, 115.31185150146484, 93.13288116455078, 136.5199432373047, 140.53445434570312, 132.9115753173828, 122.9645004272461, 152.73043823242188, 132.43875122070312, 166.04611206054688, 166.39280700683594, 107.88859558105469, 168.2887725830078, 135.75376892089844, 209.53591918945312, 269.04241943359375, 246.0733642578125, 189.63687133789062, 218.8430938720703, 259.4540100097656, 237.66690063476562, 216.01710510253906, 203.6739959716797, 256.2552795410156, 255.85382080078125, 193.5331573486328, 262.2947692871094, 260.1298522949219, 358.8244323730469, 340.59393310546875, 317.5370788574219, 321.072509765625, 359.0470886230469, 324.0419006347656, 386.16619873046875, 348.6919860839844, 381.9539489746094, 385.1511535644531, 441.20794677734375, 462.65203857421875, 394.85321044921875, 530.4508666992188, 615.6838989257812, 510.99285888671875, 558.2650146484375, 571.3450927734375, 434.7828063964844, 446.4226989746094, 506.3314514160156, 410.1849365234375, 494.1186828613281, 407.98577880859375, 421.244873046875, 643.5735473632812, 430.4248046875, 552.69921875, 471.3356018066406, 480.17364501953125, 511.1756286621094, 477.3486633300781, 457.7281188964844, 453.6502685546875, 451.28076171875, 437.50390625, 387.34014892578125, 651.8840942382812, 462.9918212890625, 428.3407287597656, 477.3298034667969, 467.84124755859375, 490.14593505859375], "nb_episode_steps": [283, 67, 75, 66, 68, 68, 67, 66, 98, 69, 73, 71, 73, 84, 70, 111, 72, 69, 72, 67, 71, 71, 72, 69, 72, 195, 67, 135, 70, 69, 74, 70, 88, 73, 162, 102, 115, 93, 91, 74, 70, 90, 156, 71, 90, 83, 93, 96, 93, 112, 132, 96, 90, 102, 85, 300, 300, 90, 112, 84, 300, 286, 219, 117, 267, 300, 300, 160, 206, 265, 160, 300, 300, 300, 200, 185], "duration": [90.50529789924622, 17.699667930603027, 13.465868949890137, 14.26652193069458, 12.310354948043823, 14.856397867202759, 14.661830186843872, 16.422935962677002, 34.6231689453125, 14.831577062606812, 18.87223982810974, 14.123755931854248, 20.680155038833618, 19.3838529586792, 16.050189971923828, 31.487394094467163, 19.70466184616089, 17.496679067611694, 18.507678985595703, 13.812276840209961, 25.229780912399292, 14.281952142715454, 19.46922492980957, 14.96842098236084, 16.20720100402832, 149.8462860584259, 14.03854489326477, 47.20874214172363, 18.350706100463867, 14.584600925445557, 17.06991982460022, 15.74694299697876, 22.37070608139038, 17.747596979141235, 79.39635682106018, 53.81468200683594, 57.57706904411316, 42.943355083465576, 33.40395402908325, 19.622062921524048, 17.27718687057495, 31.862261056900024, 100.94007897377014, 20.303911924362183, 33.84642291069031, 21.904929161071777, 37.625876903533936, 35.513365030288696, 44.506983041763306, 49.70810508728027, 66.66794300079346, 49.32494306564331, 27.710787057876587, 58.83402490615845, 32.624027967453, 130.4875168800354, 124.11359000205994, 22.351289987564087, 62.25611114501953, 33.223999977111816, 235.7953610420227, 175.68860411643982, 109.57139205932617, 60.42890000343323, 223.47627115249634, 154.21248602867126, 186.30423593521118, 119.15912389755249, 178.03696179389954, 212.9247498512268, 85.07542586326599, 153.8195140361786, 258.2188630104065, 202.3033299446106, 112.25324201583862, 108.73581194877625], "episode": [0, 1, 2, 3, 4, 5, 6, 7, 8, 9, 10, 11, 12, 13, 14, 15, 16, 17, 18, 19, 20, 21, 22, 23, 24, 25, 26, 27, 28, 29, 30, 31, 32, 33, 34, 35, 36, 37, 38, 39, 40, 41, 42, 43, 44, 45, 46, 47, 48, 49, 50, 51, 52, 53, 54, 55, 56, 57, 58, 59, 60, 61, 62, 63, 64, 65, 66, 67, 68, 69, 70, 71, 72, 73, 74, 75],