{"episode_reward": [0.633479917891111, 0.8532634322125783, 0.745589503193691, 1.202775599896548, 0.5829501882667585, 1.066997900904333, 0.3731081205783169, 1.1609477952356095, 1.0148690431964327, 0.8288921930546502, 1.0217177726492994, 1.0897478872202822, 1.0830070439582986, 0.906486573299913, 0.6441166781251151, 0.8668425797173946, 0.6004768971131536, 1.3176026706192077, 1.003835528870872, 1.511472215445262, 1.196834667733114, 0.9623694731950181, 0.8347055778996255, 0.9689225822662872, 0.54042079770629, 0.7206643013267091, 0.7583915900720388, 1.3138624234893541, 0.9326713081438571, 1.2561842635538625, 0.7129356520238925, 0.9270760750310312, 0.8213313722263593, 1.0505756190187228, 1.2607085884975815, 0.8139786229178823, 1.1682976153570297, 0.8886422756058514, 0.7043355941808165, 1.1024537229346203], "nb_steps": [250, 500, 750, 1000, 1250, 1500, 1750, 2000, 2250, 2500, 2750, 3000, 3250, 3500, 3750, 4000, 4250, 4500, 4750, 5000, 5250, 5500, 5750, 6000, 6250, 6500, 6750, 7000, 7250, 7500, 7750, 8000, 8250, 8500, 8750, 9000, 9250, 9500, 9750, 10000], "mean_absolute_error": [0.4111635709906223, 0.4378871023654938, 0.4800766706466675, 0.5100793242454529, 0.5288816690444946, 0.5529578924179077, 0.5690531730651855, 0.5823011994361877, 0.5917734503746033, 0.5967602133750916, 0.6040427088737488, 0.6098400354385376, 0.6181998252868652, 0.6313909888267517, 0.6393467783927917, 0.6490527391433716, 0.6613714098930359, 0.6690873503684998, 0.682135820388794, 0.6760918498039246, 0.6730220317840576, 0.6764271259307861, 0.6692481637001038, 0.6580977439880371, 0.6475576758384705, 0.6454310417175293, 0.6453587412834167, 0.6662210822105408, 0.6829877495765686, 0.7072833180427551, 0.7475963830947876, 0.7815312147140503, 0.8290520906448364, 0.8533927202224731, 0.838309645652771, 0.8443659543991089, 0.8597249388694763, 0.8681426644325256, 0.8870290517807007, 0.9088062644004822], "loss": [0.06541212810720726, 0.0006383227882906795, 0.0006561243208125234, 0.0008887332514859736, 0.0009312144829891622, 0.0007769169751554728, 0.0010738105047494173, 0.0009280067752115428, 0.0012524151243269444, 0.0012812287313863635, 0.0009885370964184403, 0.0015454954700544477, 0.001139196683652699, 0.0012611073907464743, 0.001577309099957347, 0.0011281169718131423, 0.0014392222510650754, 0.0013977732742205262, 0.0015473486855626106, 0.0021047249902039766, 0.0018129788804799318, 0.0019336917903274298, 0.001899189199320972, 0.001851088018156588, 0.00139008485712111, 0.0018869946943596005, 0.0011872167233377695, 0.0014753385912626982, 0.0014814079040661454, 0.0015760547248646617, 0.0020031107123941183, 0.0020033696200698614, 0.001760654617100954, 0.00289052352309227, 0.002954249270260334, 0.002265757182613015, 0.0031518437899649143, 0.001983805326744914, 0.002875725971534848, 0.00261477823369205], "nb_episode_steps": [250, 250, 250, 250, 250, 250, 250, 250, 250, 250, 250, 250, 250, 250, 250, 250, 250, 250, 250, 250, 250, 250, 250, 250, 250, 250, 250, 250, 250, 250, 250, 250, 250, 250, 250, 250, 250, 250, 250, 250], "duration": [340.27827501296997, 361.1779570579529, 351.1029591560364, 344.15725588798523, 372.2247428894043, 339.10815596580505, 354.0495488643646, 342.08370780944824, 336.0744650363922, 340.98075103759766, 342.1760468482971, 351.2196238040924, 349.064936876297, 372.2981128692627, 339.0935060977936, 343.14335083961487, 330.13859701156616, 339.0037181377411, 358.2783808708191, 341.00949001312256, 354.9082741737366, 359.23994493484497, 342.00198316574097, 348.0028748512268, 343.2278161048889, 345.0697159767151, 348.07518792152405, 347.01887106895447, 330.00784611701965, 357.2434649467468, 362.2575340270996, 360.1119079589844, 346.12274193763733, 340.2038130760193, 343.15503120422363, 350.3358311653137, 345.0445017814636, 338.24998903274536, 357.1576261520386, 347.087308883667], "episode": [0, 1, 2, 3, 4, 5, 6, 7, 8, 9, 10, 11, 12, 13, 14, 15, 16, 17, 18, 19, 20, 21, 22, 23, 24, 25, 26, 27, 28, 29, 30, 31, 32, 33, 34, 35, 36, 37, 38, 39], "mean_q": [0.6001594322869968, 0.5297859311103821, 0.574367105960846, 0.6111979484558105, 0.6325103640556335, 0.658805251121521, 0.6773155331611633, 0.6888974905014038, 0.7010121941566467, 0.707287073135376, 0.7101073861122131, 0.7217056155204773, 0.7273637652397156, 0.7466856241226196, 0.7572129964828491, 0.7640634179115295, 0.7789716124534607, 0.7872743606567383, 0.8053849339485168, 0.7990769147872925, 0.7919294834136963, 0.7963876128196716, 0.7864221930503845, 0.7698564529418945, 0.7559449076652527, 0.754818856716156, 0.7561860084533691, 0.7849185466766357, 0.8018079400062561, 0.8370466828346252, 0.8870838284492493, 0.926660418510437, 0.9786376953125, 1.0004738569259644, 0.9734154343605042, 0.9775972366333008, 0.997942328453064, 1.0033838748931885, 1.0304702520370483, 1.0586246252059937]}